1,Vick,Herrema,vherrema0@zdnet.com,Male,Senior Financial Analyst
2,Danica,Coggings,dcoggings1@nps.gov,Female,Computer Systems Analyst I
3,Edan,Fundell,efundell2@wufoo.com,Male,Speech Pathologist
4,Samson,Haslum,shaslum3@behance.net,Male,Chemical Engineer
5,Cecil,Torregiani,storregiani4@edublogs.org,Male,Environmental Specialist
6,Cleveland,Standley,cstandley5@e-recht24.de,Male,Geological Engineer
7,Shaylyn,Derbyshire,sderbyshire6@diigo.com,Female,Librarian
8,Nicholas,Ferronel,nferronel7@com.com,Male,Senior Quality Engineer
9,Thedrick,Matz,cmatz8@scribd.com,Female,Mechanical Systems Engineer
10,Lenci,Sloley,lsloley9@ycombinator.com,Male,Occupational Therapist
11,Travers,Snoddy,tsnoddya@nydailynews.com,Male,Staff Scientist
12,Winston,Crier,wcrierb@usda.gov,Male,Health Coach III
13,Isadora,Jubb,bjubbc@tamu.edu,Female,Analog Circuit Design manager
14,Myrle,Amoss,mamossd@blog.com,Female,Paralegal
15,Moritz,Sarjent,msarjente@smh.com.au,Male,Information Systems Manager
16,Quent,Luby,qlubyf@printfriendly.com,Male,Computer Systems Analyst II
17,Lorine,Broadist,lbroadistg@answers.com,Female,Junior Executive
18,Jennine,Rubinowitsch,trubinowitschh@google.pl,Female,Paralegal
19,Glynn,Eymor,geymori@adobe.com,Male,Nurse
20,Amaleta,Radwell,aradwellj@lycos.com,Female,Senior Developer
21,Augustin,Pullar,spullark@mysql.com,Male,Assistant Manager
22,Arvie,Schimaschke,aschimaschkel@google.es,Female,Office Assistant II
23,Rikki,O'Gormley,rogormleym@naver.com,Male,Nurse Practicioner
24,Briano,Samuels,bsamuelsn@answers.com,Male,Community Outreach Specialist
25,Luise,Paver,lpavero@bloglovin.com,Female,Accounting Assistant IV
26,Teddie,Guerrier,dguerrierp@issuu.com,Male,Research Associate
27,Trace,Goering,bgoeringq@va.gov,Male,Recruiting Manager
28,Sauveur,Stickney,rstickneyr@weibo.com,Female,Clinical Specialist
29,Mina,Razzell,mrazzells@state.gov,Female,Account Representative IV
30,Merline,Harler,mharlert@columbia.edu,Female,Software Test Engineer II
31,Astrid,Juster,ajusteru@cafepress.com,Female,Computer Systems Analyst I
32,Jeanine,Trawin,jtrawinv@goodreads.com,Female,Environmental Specialist
33,Glynn,Spinnace,hspinnacew@nydailynews.com,Female,Office Assistant I
34,Amie,Cardillo,acardillox@networkadvertising.org,Female,Human Resources Manager
35,Muire,Vina,mvinay@irs.gov,Female,Software Test Engineer II
36,Heath,Saffle,hsafflez@washington.edu,Male,VP Product Management
37,Jennine,Davoren,jdavoren10@earthlink.net,Female,Geological Engineer
38,Donnie,Saxelby,ksaxelby11@example.com,Male,Community Outreach Specialist
39,Ebba,Pestell,epestell12@deliciousdays.com,Female,Graphic Designer
40,Johnathan,Sellar,jsellar13@vkontakte.ru,Male,Community Outreach Specialist
41,Rhonda,Matthewman,rmatthewman14@pagesperso-orange.fr,Female,Account Coordinator
42,Arvie,McMearty,dmcmearty15@yahoo.com,Male,Recruiting Manager
43,Liliane,Edinburgh,ledinburgh16@digg.com,Female,Junior Executive
44,Amy,Potes,apotes17@dell.com,Female,Database Administrator II
45,Jenn,Matyatin,jmatyatin18@unesco.org,Female,Business Systems Development Analyst
46,Port,Wooff,rwooff19@soundcloud.com,Male,Assistant Professor
47,Brade,Dowson,ddowson1a@army.mil,Male,Analyst Programmer
48,Gilles,Blakebrough,rblakebrough1b@noaa.gov,Male,Assistant Manager
49,Pavla,Eim,aeim1c@topsy.com,Female,Business Systems Development Analyst
50,Riobard,Ambrus,rambrus1d@npr.org,Male,Nurse Practicioner
51,Solly,Arrow,sarrow1e@wufoo.com,Male,Assistant Media Planner
52,Giffie,Oliver,goliver1f@nba.com,Male,Computer Systems Analyst I
53,John,Gavini,ngavini1g@techcrunch.com,Male,Senior Sales Associate
54,Tucker,Morales,tmorales1h@bandcamp.com,Male,Technical Writer
55,Farris,Todman,ftodman1i@homestead.com,Male,Librarian
56,Elia,Dewsnap,cdewsnap1j@github.com,Male,Environmental Specialist
57,Niels,Wrettum,nwrettum1k@eepurl.com,Male,Senior Cost Accountant
58,Ermanno,Mackley,gmackley1l@prlog.org,Female,Electrical Engineer
59,Carlita,Lowton,clowton1m@smh.com.au,Female,Assistant Media Planner
60,Dannie,Munday,dmunday1n@tinyurl.com,Male,Electrical Engineer
61,Sanson,Canter,scanter1o@google.de,Male,Assistant Professor
62,Astrix,Paolozzi,apaolozzi1p@gravatar.com,Female,Assistant Media Planner
63,Vidovic,Riding,vriding1q@sina.com.cn,Male,General Manager
64,Jenn,Branch,jbranch1r@archive.org,Female,VP Marketing
65,Saba,Stitcher,sstitcher1s@hc360.com,Female,Clinical Specialist
66,Harriet,Iacopo,hiacopo1t@ifeng.com,Female,Software Test Engineer IV
67,Tabby,Popple,tpopple1u@about.com,Male,Structural Engineer
68,Archy,Hairs,ahairs1v@java.com,Male,Actuary
69,Bernadina,Whiten,bwhiten1w@hc360.com,Female,Civil Engineer
70,Nicolina,Pittendreigh,npittendreigh1x@skype.com,Female,Quality Control Specialist
71,Theodora,Trimme,ttrimme1y@webs.com,Female,VP Accounting
72,Nelia,Sodo,nsodo1z@vistaprint.com,Female,Business Systems Development Analyst
73,Jacob,Chitham,jchitham20@unblog.fr,Male,Recruiter
74,Hansiain,Maulin,hmaulin21@rediff.com,Male,Community Outreach Specialist
75,Frasier,Pendrigh,dpendrigh22@mayoclinic.com,Female,Clinical Specialist
76,Trace,Rubenov,trubenov23@google.ru,Male,General Manager
77,Adria,Arnall,aarnall24@wired.com,Female,Assistant Professor
78,Maggee,Nealey,mnealey25@163.com,Female,Librarian
79,Felecia,Cherry,mcherry26@hud.gov,Male,Registered Nurse
80,Janel,Castellino,jcastellino27@statcounter.com,Female,Biostatistician III
81,Zachary,Renihan,zrenihan28@sakura.ne.jp,Male,VP Accounting
82,Yance,Eglaise,deglaise29@latimes.com,Female,Assistant Media Planner
83,Darcey,Francomb,dfrancomb2a@usnews.com,Female,Safety Technician III
84,Steffane,Wellbank,swellbank2b@123-reg.co.uk,Female,Help Desk Operator
85,Sandye,Klink,bklink2c@answers.com,Male,Product Engineer
86,Darn,Biddy,dbiddy2d@discovery.com,Male,Senior Editor
87,Starr,Pelosi,spelosi2e@yahoo.com,Female,Research Associate
88,Gigi,Sandford,gsandford2f@cbc.ca,Female,Engineer I
89,El,McTurley,emcturley2g@imageshack.us,Male,Automation Specialist I
90,Derk,Fetterplace,mfetterplace2h@pcworld.com,Male,Social Worker
91,Kelly,Rayment,krayment2i@cbslocal.com,Male,Marketing Manager
92,Lucho,Maskrey,cmaskrey2j@ovh.net,Female,Account Representative I
93,Boot,Dingivan,adingivan2k@constantcontact.com,Female,Sales Associate
94,Launce,Laflin,klaflin2l@wix.com,Male,Clinical Specialist
95,Collie,Liccardo,cliccardo2m@stumbleupon.com,Female,Programmer Analyst II
96,Wiatt,Dulieu,wdulieu2n@ft.com,Male,Product Engineer
97,Magdaia,Tatham,mtatham2o@addthis.com,Female,Programmer IV
98,Tomas,Maydwell,tmaydwell2p@princeton.edu,Male,Registered Nurse
99,Channa,Gilham,cgilham2q@newsvine.com,Female,Senior Quality Engineer
100,Evita,Bazire,kbazire2r@php.net,Female,Marketing Assistant
101,Bernadene,Larkby,blarkby2s@issuu.com,Female,Mechanical Systems Engineer
102,Dukie,Roddy,droddy2t@yahoo.co.jp,Female,Professor
103,Kessiah,Rosewarne,krosewarne2u@taobao.com,Female,Human Resources Manager
104,Kacey,Beller,kbeller2v@sphinn.com,Female,Help Desk Operator
105,Lester,Spurway,kspurway2w@w3.org,Male,Marketing Assistant
106,Tate,Addyman,taddyman2x@toplist.cz,Female,Programmer Analyst IV
107,Georgeanna,Handrock,khandrock2y@a8.net,Female,Information Systems Manager
108,Zia,Magner,zmagner2z@patch.com,Female,Senior Quality Engineer
109,Sumner,Dufaire,sdufaire30@bloomberg.com,Male,GIS Technical Architect
110,Arnoldo,Kirwood,akirwood31@google.co.uk,Male,Senior Financial Analyst
111,Bentlee,Ciric,bciric32@theguardian.com,Male,Professor
112,Les,Reynoollds,breynoollds33@si.edu,Male,Recruiter
113,Cassondra,Diwell,cdiwell34@nih.gov,Female,Technical Writer
114,Filippo,Julien,fjulien35@hao123.com,Male,Programmer III
115,Launce,Linfoot,jlinfoot36@wikispaces.com,Female,Internal Auditor
116,Ferdy,Mor,fmor37@skyrock.com,Male,Senior Cost Accountant
117,Petronille,Abramovitz,sabramovitz38@ca.gov,Male,Structural Engineer
118,Gustie,Glynne,dglynne39@independent.co.uk,Male,Legal Assistant
119,Knox,Masedon,kmasedon3a@canalblog.com,Male,Librarian
120,Bennie,Wiltshear,ewiltshear3b@epa.gov,Male,Help Desk Operator
121,Benoite,Stearns,ystearns3c@tinyurl.com,Male,Help Desk Operator
122,Tadd,Bartke,tbartke3d@sogou.com,Male,Environmental Tech
123,Leann,Wallbrook,dwallbrook3e@addtoany.com,Female,Food Chemist
124,Emili,Gammie,egammie3f@dyndns.org,Female,Chief Design Engineer
125,Janine,Leech,jleech3g@purevolume.com,Female,Human Resources Manager
126,Sylas,Reay,sreay3h@gravatar.com,Male,Assistant Manager
127,Dolli,McCoid,dmccoid3i@mtv.com,Female,Human Resources Assistant I
128,Jaquelyn,De Ruel,jderuel3j@gnu.org,Female,Systems Administrator I
129,Umberto,Sergeaunt,usergeaunt3k@csmonitor.com,Male,Help Desk Operator
130,Bondon,Lardez,hlardez3l@baidu.com,Female,Paralegal
131,John,Ripley,jripley3m@ibm.com,Male,Media Manager IV
132,Graeme,Alfonsetti,galfonsetti3n@theguardian.com,Male,Software Consultant
133,Bev,Braganca,abraganca3o@sciencedaily.com,Male,Software Engineer I
134,Evey,Dyett,edyett3p@fema.gov,Female,Assistant Professor
135,Lia,Brammar,lbrammar3q@comsenz.com,Female,Librarian
136,Kliment,Jonin,djonin3r@xinhuanet.com,Female,Business Systems Development Analyst
137,Dorine,Camock,dcamock3s@reuters.com,Female,Accounting Assistant I
138,Hertha,Willimont,hwillimont3t@google.de,Female,Nurse
139,Jonas,Isenor,jisenor3u@time.com,Male,Account Executive
140,Iormina,Lippo,ilippo3v@myspace.com,Female,Nurse Practicioner
141,Marty,Mole,smole3w@mapy.cz,Female,Developer II
142,Adriane,Boast,kboast3x@forbes.com,Female,Senior Editor
143,Jillie,Moffatt,imoffatt3y@yellowpages.com,Female,Analyst Programmer
144,Gard,McKenna,gmckenna3z@ask.com,Male,Environmental Tech
145,Viva,Laxon,vlaxon40@slideshare.net,Female,Senior Developer
146,Zackariah,Ableson,zableson41@unicef.org,Male,Analog Circuit Design manager
147,Melvyn,Dilleston,ldilleston42@timesonline.co.uk,Male,Engineer IV
148,Godfry,Bumpas,dbumpas43@freewebs.com,Male,Compensation Analyst
149,Melisandra,Hanbridge,ehanbridge44@redcross.org,Female,Help Desk Operator
150,Stesha,Basham,sbasham45@house.gov,Female,Software Consultant
151,Hurley,Adshede,hadshede46@friendfeed.com,Male,Database Administrator IV
152,Elvyn,Armsby,earmsby47@networkadvertising.org,Male,Clinical Specialist
153,Earle,Linge,alinge48@ucla.edu,Male,Dental Hygienist
154,Leeann,Bosquet,lbosquet49@weebly.com,Female,VP Marketing
155,Renelle,Witul,rwitul4a@nifty.com,Female,Financial Analyst
156,Stafford,Draijer,sdraijer4b@ebay.com,Male,Occupational Therapist
157,Debbi,Blackham,dblackham4c@amazon.com,Female,Graphic Designer
158,Maurise,Dripp,pdripp4d@illinois.edu,Female,GIS Technical Architect
159,Kilian,Girvan,kgirvan4e@sogou.com,Female,Speech Pathologist
160,Kathryne,Kimpton,ckimpton4f@imageshack.us,Male,Analog Circuit Design manager
161,Myriam,Baillie,mbaillie4g@forbes.com,Female,VP Sales
162,Drucill,Keneleyside,dkeneleyside4h@amazon.com,Female,Statistician II
163,Nahum,Shayes,nshayes4i@g.co,Male,Community Outreach Specialist
164,Penny,Tschierse,ptschierse4j@wiley.com,Male,GIS Technical Architect
165,Evyn,Atton,ratton4k@bandcamp.com,Female,Legal Assistant
166,Sibley,McLeod,emcleod4l@edublogs.org,Male,Graphic Designer
167,Milissent,Scimoni,mscimoni4m@tripod.com,Female,Sales Associate
168,Pincas,Attree,pattree4n@google.ru,Male,Physical Therapy Assistant
169,Moria,Pieroni,mpieroni4o@wisc.edu,Female,Tax Accountant
170,Anastasie,Handrick,ahandrick4p@nymag.com,Female,Developer II
171,Chadwick,Asbery,casbery4q@comsenz.com,Male,Senior Editor
172,Judi,Cockarill,jcockarill4r@harvard.edu,Female,Chemical Engineer
173,Devina,Rickhuss,mrickhuss4s@tumblr.com,Female,Nurse
174,Gwenore,Westmorland,jwestmorland4t@google.com.br,Female,Editor
175,Georgy,Dawkes,pdawkes4u@vkontakte.ru,Female,Internal Auditor
176,Gretchen,Southon,osouthon4v@list-manage.com,Female,Developer IV
177,Alix,Erricker,aerricker4w@blogs.com,Female,Marketing Manager
178,Hobie,Skeete,hskeete4x@jimdo.com,Male,Programmer II
179,Paule,Yarr,pyarr4y@ning.com,Female,Design Engineer
180,Anne-corinne,Bartoleyn,abartoleyn4z@myspace.com,Female,Senior Developer
181,Lester,Colchett,lcolchett50@bandcamp.com,Male,Recruiter
182,Bennie,Ludovico,mludovico51@adobe.com,Female,Help Desk Operator
183,Cara,Hamerton,thamerton52@surveymonkey.com,Male,Statistician IV
184,Cilka,McIvor,cmcivor53@sitemeter.com,Male,Chemical Engineer
185,Kendra,Ghidini,eghidini54@sogou.com,Male,Geological Engineer
186,Wash,Reignard,wreignard55@tripod.com,Male,Junior Executive
187,Kenny,Grice,kgrice56@surveymonkey.com,Male,Assistant Manager
188,Marylou,Beadnall,mbeadnall57@google.ru,Female,Systems Administrator I
189,Vidovik,Bull,vbull58@phoca.cz,Male,Administrative Officer
190,Chrisy,Fulton,cfulton59@stumbleupon.com,Male,Senior Editor
191,Rhoda,Dammarell,rdammarell5a@sfgate.com,Female,Software Consultant
192,Elvina,Frissell,efrissell5b@auda.org.au,Female,Senior Financial Analyst
193,Wash,Sarra,csarra5c@geocities.com,Female,Editor
194,Cristobal,Hiner,chiner5d@blog.com,Male,Senior Financial Analyst
195,Byran,McShirie,bmcshirie5e@quantcast.com,Male,Project Manager
196,Aloin,Schwier,aschwier5f@wordpress.org,Male,Assistant Manager
197,Royal,Wardrope,rwardrope5g@oakley.com,Male,Cost Accountant
198,Alane,Curman,pcurman5h@theglobeandmail.com,Female,Analog Circuit Design manager
199,Arabela,Loxdale,aloxdale5i@ameblo.jp,Female,Human Resources Assistant IV
200,Elvyn,Woodley,bwoodley5j@aboutads.info,Male,Statistician IV
201,Aigneis,Ponder,aponder5k@dyndns.org,Female,General Manager
202,Daloris,Rubenov,drubenov5l@wisc.edu,Female,Senior Financial Analyst
203,Knox,Goaks,tgoaks5m@godaddy.com,Male,Product Engineer
204,Allister,Traynor,gtraynor5n@bbc.co.uk,Female,Budget/Accounting Analyst IV
205,Marcellus,Halsted,mhalsted5o@ihg.com,Male,Junior Executive
206,Cullen,Behninck,cbehninck5p@list-manage.com,Male,Quality Engineer
207,Latashia,Andrichuk,landrichuk5q@plala.or.jp,Female,Internal Auditor
208,Charmaine,Minchi,cminchi5r@ucoz.ru,Female,Assistant Media Planner
209,Teodoor,Dack,jdack5s@ocn.ne.jp,Female,Social Worker
210,Meredith,Jantel,cjantel5t@phoca.cz,Male,Electrical Engineer
211,Helli,Colisbe,hcolisbe5u@bandcamp.com,Female,Environmental Tech
212,Lurleen,Dawid,ldawid5v@usnews.com,Female,Environmental Tech
213,Larine,Facey,lfacey5w@narod.ru,Female,VP Product Management
214,Les,Pardon,vpardon5x@craigslist.org,Male,Teacher
215,Krisha,Haggett,khaggett5y@twitter.com,Male,Programmer Analyst IV
216,Kathie,Skellion,kskellion5z@wsj.com,Female,Quality Engineer
217,Marijo,Stobbart,tstobbart60@oracle.com,Male,Health Coach I
218,Thaxter,Jeyes,wjeyes61@hexun.com,Male,Software Engineer III
219,Forster,Surgison,asurgison62@flickr.com,Male,Electrical Engineer
220,Arvie,Hinz,mhinz63@canalblog.com,Female,Structural Analysis Engineer
221,Eryn,Larking,elarking64@who.int,Female,Research Nurse
222,Fan,Edess,fedess65@princeton.edu,Male,Social Worker
223,Gigi,McMackin,tmcmackin66@51.la,Female,Technical Writer
224,Yetty,Dionisii,ydionisii67@mtv.com,Female,Nurse Practicioner
225,Cece,McCord,emccord68@comcast.net,Male,Structural Analysis Engineer
226,Dacie,Iannitti,diannitti69@sohu.com,Female,Electrical Engineer
227,Avrit,Manning,tmanning6a@yahoo.com,Male,Chief Design Engineer
228,Travers,Crommett,zcrommett6b@hugedomains.com,Male,Speech Pathologist
229,Jodi,Saye,jsaye6c@forbes.com,Male,Clinical Specialist
230,Giselbert,Arton,garton6d@salon.com,Male,Assistant Professor
231,Merilee,Laxen,mlaxen6e@engadget.com,Female,General Manager
232,Kliment,Bleibaum,kbleibaum6f@blog.com,Male,Biostatistician III
233,Aluin,Utterson,autterson6g@lycos.com,Male,Budget/Accounting Analyst IV
234,Garald,Muddiman,gmuddiman6h@behance.net,Male,Analog Circuit Design manager
235,Lucas,McManamen,dmcmanamen6i@yellowbook.com,Female,VP Marketing
236,Nico,Chessum,nchessum6j@google.co.uk,Male,Dental Hygienist
237,Dela,Oliphard,doliphard6k@state.gov,Female,Pharmacist
238,Morey,Grimwad,bgrimwad6l@wix.com,Male,Design Engineer
239,Lizzie,Rapaport,lrapaport6m@dot.gov,Female,Software Engineer III
240,Aldis,Ayton,aayton6n@wordpress.com,Female,Assistant Professor
241,Brande,Splevings,gsplevings6o@ox.ac.uk,Male,Software Test Engineer II
242,Marty,Johannesson,jjohannesson6p@yahoo.com,Female,Data Coordiator
243,Rubi,Atheis,gatheis6q@foxnews.com,Male,Senior Quality Engineer
244,Pearl,Peatman,ppeatman6r@webnode.com,Female,Physical Therapy Assistant
245,Desiree,Rogliero,drogliero6s@state.tx.us,Female,Human Resources Manager
246,Audre,Thoms,athoms6t@google.fr,Female,Community Outreach Specialist
247,Randall,Iredale,riredale6u@lulu.com,Male,Financial Analyst
248,Bancroft,Janek,pjanek6v@sciencedaily.com,Female,Biostatistician IV
249,Hilda,Di Ruggiero,adiruggiero6w@cafepress.com,Male,VP Sales
250,Lissy,Rylance,lrylance6x@constantcontact.com,Female,Administrative Assistant I
251,Fan,Skitterel,fskitterel6y@cnet.com,Female,Media Manager III
252,Jeramey,Risbie,srisbie6z@addthis.com,Female,Programmer II
253,Kermie,Lynam,klynam70@google.ru,Male,Data Coordiator
254,Salim,Preddle,spreddle71@stanford.edu,Male,Clinical Specialist
255,Thorndike,Muffitt,tmuffitt72@guardian.co.uk,Male,Technical Writer
256,Theodore,Ashfull,gashfull73@tiny.cc,Female,Structural Analysis Engineer
257,Junie,Poskitt,jposkitt74@stumbleupon.com,Female,Internal Auditor
258,Alfie,Greenstreet,agreenstreet75@yellowbook.com,Male,Accountant I
259,Perrine,Tilson,ptilson76@gravatar.com,Female,Marketing Assistant
260,Bennie,Tringham,btringham77@hibu.com,Male,Social Worker
261,Frederica,Daud,fdaud78@behance.net,Female,Product Engineer
262,Egbert,Pargent,epargent79@ft.com,Male,Editor
263,Agatha,Orviss,aorviss7a@arstechnica.com,Female,Teacher
264,Cari,Badcock,cbadcock7b@bloglovin.com,Female,Associate Professor
265,Curtice,Dumingo,cdumingo7c@buzzfeed.com,Male,Dental Hygienist
266,Ave,Caldicot,acaldicot7d@msn.com,Male,Safety Technician III
267,Ingra,Hawksworth,ihawksworth7e@craigslist.org,Male,Developer II
268,Corey,Paulillo,fpaulillo7f@youku.com,Male,Cost Accountant
269,Haroun,Begin,hbegin7g@ucoz.com,Male,Senior Editor
270,Valdemar,Paver,vpaver7h@foxnews.com,Male,Chief Design Engineer
271,Noel,Marchington,smarchington7i@answers.com,Male,VP Accounting
272,Hayden,Danielsen,hdanielsen7j@webmd.com,Male,Budget/Accounting Analyst IV
273,Bernardina,Sikorski,bsikorski7k@xing.com,Female,Compensation Analyst
274,Brande,Egle,begle7l@redcross.org,Female,Registered Nurse
275,Lind,Bottomley,kbottomley7m@blogspot.com,Female,VP Sales
276,Elka,Scorton,escorton7n@zimbio.com,Female,Clinical Specialist
277,Jaimie,Farnsworth,jfarnsworth7o@google.it,Male,Operator
278,Felecia,Puttergill,fputtergill7p@wunderground.com,Female,Technical Writer
279,Glad,Coke,gcoke7q@examiner.com,Female,Professor
280,Evita,Oddboy,coddboy7r@blinklist.com,Female,Research Assistant II
281,Cari,Garvill,jgarvill7s@shareasale.com,Male,Internal Auditor
282,Iormina,Smorfit,ksmorfit7t@comsenz.com,Female,Senior Quality Engineer
283,Kori,Velten,kvelten7u@slashdot.org,Female,Sales Representative
284,Veda,Greenalf,vgreenalf7v@ca.gov,Female,Safety Technician IV
285,Petrina,Skippon,pskippon7w@tripadvisor.com,Female,Senior Editor
286,Alana,Crepel,acrepel7x@fc2.com,Female,Physical Therapy Assistant
287,Hugo,Spaunton,hspaunton7y@tiny.cc,Male,Recruiting Manager
288,Nico,Gatiss,fgatiss7z@nyu.edu,Female,Help Desk Technician
289,Rabbi,De Laci,rdelaci80@pen.io,Male,Staff Accountant II
290,Janice,Landell,jlandell81@tuttocitta.it,Female,Safety Technician IV
291,Bev,Dunsford,bdunsford82@house.gov,Female,Administrative Officer
292,Penny,Gallaccio,pgallaccio83@unc.edu,Male,Structural Analysis Engineer
293,Camile,Toping,ctoping84@jiathis.com,Female,Mechanical Systems Engineer
294,Garwood,Howson,ghowson85@disqus.com,Male,Desktop Support Technician
295,Elia,Brawn,ebrawn86@123-reg.co.uk,Male,Desktop Support Technician
296,Maritsa,Ivashkin,mivashkin87@ning.com,Female,Mechanical Systems Engineer
297,Aurelia,Kershaw,akershaw88@com.com,Female,Pharmacist
298,Hedi,Langthorne,hlangthorne89@exblog.jp,Female,Account Coordinator
299,Jess,Hearst,khearst8a@nps.gov,Male,Geological Engineer
300,Brear,Broggelli,bbroggelli8b@typepad.com,Female,VP Product Management
301,Reece,Yusupov,ryusupov8c@dot.gov,Male,Internal Auditor
302,Maurise,Winkett,cwinkett8d@skyrock.com,Male,Senior Cost Accountant
303,Ciro,Whatson,mwhatson8e@hibu.com,Male,Mechanical Systems Engineer
304,Dina,Sarney,dsarney8f@tmall.com,Female,Structural Engineer
305,Noel,Maycock,lmaycock8g@quantcast.com,Female,Payment Adjustment Coordinator
306,Homere,Placstone,hplacstone8h@instagram.com,Male,Pharmacist
307,Gian,Reye,greye8i@upenn.edu,Male,Legal Assistant
308,Morten,Pastor,mpastor8j@hostgator.com,Male,Compensation Analyst
309,Wash,Creaney,wcreaney8k@twitpic.com,Male,Administrative Officer
310,Kaitlyn,Grand,kgrand8l@columbia.edu,Female,VP Quality Control
311,Kilian,Gabbot,kgabbot8m@delicious.com,Male,Speech Pathologist
312,Marty,Pipkin,mpipkin8n@yelp.com,Male,Media Manager III
313,Elvyn,Maypowder,amaypowder8o@nytimes.com,Female,Account Executive
314,Maritsa,Thompkins,othompkins8p@ucla.edu,Male,Community Outreach Specialist
315,Les,Pyser,lpyser8q@msu.edu,Male,Product Engineer
316,Gerhardt,Darwood,mdarwood8r@naver.com,Male,Operator
317,Isadora,Junkin,ijunkin8s@boston.com,Female,Financial Advisor
318,Madelene,Boxhall,mboxhall8t@archive.org,Female,Professor
319,Glad,Aaronson,gaaronson8u@exblog.jp,Female,Quality Control Specialist
320,Thedrick,Witterick,kwitterick8v@alexa.com,Female,Nurse
321,Whit,Ruxton,wruxton8w@constantcontact.com,Male,Senior Developer
322,Glynn,Cottey,scottey8x@biblegateway.com,Female,Health Coach I
323,Evyn,Drews,edrews8y@google.pl,Male,Tax Accountant
324,Dolf,Oldall,poldall8z@amazonaws.com,Male,Senior Editor
325,Brooke,Georgeson,bgeorgeson90@bandcamp.com,Female,Web Designer I
326,Adelbert,Hanvey,ahanvey91@is.gd,Male,VP Quality Control
327,Channa,Onthank,ionthank92@google.co.jp,Female,Senior Sales Associate
328,Jemie,Edgler,sedgler93@sohu.com,Male,Sales Representative
329,Alis,Almey,aalmey94@digg.com,Female,Help Desk Technician
330,Dallis,Whitlock,dwhitlock95@furl.net,Male,Software Consultant
331,Leila,Pettiford,rpettiford96@bloglines.com,Male,Librarian
332,Rory,Osorio,kosorio97@t.co,Male,Speech Pathologist
333,Sharai,Eard,seard98@vk.com,Female,Accounting Assistant IV
334,Kathryne,Hasker,vhasker99@alexa.com,Female,Environmental Specialist
335,Welbie,Eglaise,weglaise9a@mlb.com,Male,Developer II
336,Caressa,Marzelli,cmarzelli9b@wordpress.org,Female,VP Quality Control
337,Jess,Sokale,jsokale9c@shinystat.com,Female,Librarian
338,Bernardo,Kimmons,bkimmons9d@gizmodo.com,Male,Product Engineer
339,Lev,Greenaway,lgreenaway9e@loc.gov,Male,Nurse Practicioner
340,Gilles,Cobley,gcobley9f@shareasale.com,Male,Director of Sales
341,Vinnie,Marthen,nmarthen9g@nifty.com,Female,Nurse
342,Perla,Trenholm,ltrenholm9h@ameblo.jp,Female,Web Designer IV
343,Amory,Chatters,achatters9i@pen.io,Male,Financial Advisor
344,Domingo,Swetenham,dswetenham9j@vkontakte.ru,Male,Staff Scientist
345,Kristoforo,Charlot,kcharlot9k@wordpress.org,Male,Sales Representative
346,Rosalyn,Hartwell,rhartwell9l@sakura.ne.jp,Female,Health Coach II
347,Henriette,Gargett,hgargett9m@icio.us,Female,Director of Sales
348,Linn,Planque,wplanque9n@cargocollective.com,Male,Engineer IV
349,Rory,Bussen,lbussen9o@ibm.com,Male,Actuary
350,Rodrique,Mendus,rmendus9p@altervista.org,Male,Statistician IV
351,Gustie,Roll,groll9q@amazonaws.com,Female,Research Assistant IV
352,Shadow,Buzek,cbuzek9r@google.com.hk,Male,Tax Accountant
353,Adham,Labrow,llabrow9s@com.com,Female,Media Manager I
354,Goldie,Patek,hpatek9t@msu.edu,Female,Accounting Assistant I
355,Rita,Jakov,rjakov9u@ibm.com,Female,Clinical Specialist
356,Cordula,Sigert,hsigert9v@goodreads.com,Female,Design Engineer
357,Marya,Strettell,mstrettell9w@google.com,Female,Research Nurse
358,Sigismond,Lorinez,slorinez9x@usgs.gov,Male,Data Coordiator
359,Flory,Syrie,fsyrie9y@cam.ac.uk,Male,Civil Engineer
360,Maurise,Goldbourn,cgoldbourn9z@who.int,Male,Registered Nurse
361,Nanny,Sarah,nsaraha0@foxnews.com,Female,Help Desk Technician
362,Carry,Yair,jyaira1@prnewswire.com,Female,Senior Developer
363,Filberte,Stowell,fstowella2@usnews.com,Male,Marketing Manager
364,Cortney,O' Borne,bobornea3@instagram.com,Male,Web Designer II
365,Curtis,Thorns,cthornsa4@aol.com,Male,Systems Administrator IV
366,Tammie,Schirach,tschiracha5@hao123.com,Male,Physical Therapy Assistant
367,Camile,Cayet,gcayeta6@drupal.org,Male,Geological Engineer
368,Shermy,Meletti,smelettia7@ameblo.jp,Male,Chemical Engineer
369,Adham,Clapson,aclapsona8@webeden.co.uk,Male,Assistant Media Planner
370,Allister,Allix,mallixa9@is.gd,Male,Sales Associate
371,Sutherlan,Ollerearnshaw,sollerearnshawaa@baidu.com,Male,Food Chemist
372,Allianora,Rimbault,drimbaultab@miibeian.gov.cn,Female,Cost Accountant
373,Georgeanna,Pattington,gpattingtonac@example.com,Female,Software Test Engineer IV
374,Laurent,Bunce,mbuncead@ucoz.ru,Female,Media Manager I
375,Sharai,Wimpenny,swimpennyae@thetimes.co.uk,Female,Associate Professor
376,Petrina,Agronski,aagronskiaf@vk.com,Female,Assistant Manager
377,Alena,Farnes,afarnesag@wix.com,Female,Business Systems Development Analyst
378,Witty,Ginley,wginleyah@google.com.au,Male,Data Coordiator
379,Dirk,Kinvig,dkinvigai@scientificamerican.com,Male,Marketing Manager
380,Ardyce,Balsellie,mbalsellieaj@berkeley.edu,Female,VP Accounting
381,Wash,Winning,rwinningak@nifty.com,Male,VP Accounting
382,Bayard,McRinn,bmcrinnal@redcross.org,Male,Financial Analyst
383,Reed,Northfield,rnorthfieldam@yale.edu,Male,Biostatistician II
384,Tore,Kubala,tkubalaan@wikispaces.com,Male,Web Developer I
385,Rubi,Pock,lpockao@cbc.ca,Female,Compensation Analyst
386,Augustin,Geddes,ageddesap@state.gov,Male,Software Test Engineer IV
387,Lambert,Coldtart,lcoldtartaq@sbwire.com,Male,Environmental Tech
388,Frederich,Heinrich,fheinrichar@ted.com,Male,Software Engineer II
389,Avrit,Guerre,fguerreas@google.com.au,Female,Geological Engineer
390,Moria,Granham,mgranhamat@canalblog.com,Female,Administrative Assistant II
391,Emelda,Champneys,tchampneysau@chron.com,Male,GIS Technical Architect
392,Pavla,Parfitt,pparfittav@washington.edu,Female,Research Associate
393,Mavra,Jandl,mjandlaw@wufoo.com,Female,Assistant Media Planner
394,Hollis,Chatell,hchatellax@army.mil,Male,Analog Circuit Design manager
395,Charmion,Lukock,clukockay@wisc.edu,Female,Assistant Media Planner
396,Gigi,Hast,rhastaz@theguardian.com,Male,Geological Engineer
397,Hansiain,Bagehot,nbagehotb0@scientificamerican.com,Male,Compensation Analyst
398,Niven,Goodere,ngoodereb1@wufoo.com,Male,Database Administrator IV
399,Noel,Hilary,bhilaryb2@hostgator.com,Female,Paralegal
400,Natty,Barkas,nbarkasb3@comcast.net,Female,Registered Nurse
401,Royal,Haws,mhawsb4@clickbank.net,Female,Web Developer III
402,Kathryne,Aime,kaimeb5@nyu.edu,Female,Recruiter
403,Maurise,Maitland,mmaitlandb6@joomla.org,Male,Structural Analysis Engineer
404,Antons,Lamprey,alampreyb7@nps.gov,Male,Administrative Officer
405,Gerhardt,Wrathmell,gwrathmellb8@weibo.com,Male,Chemical Engineer
406,Marylee,Bedin,mbedinb9@rambler.ru,Female,GIS Technical Architect
407,Godfrey,Bischop,gbischopba@tumblr.com,Male,Engineer IV
408,Albertina,McPhaden,amcphadenbb@lulu.com,Female,Analyst Programmer
409,Persis,Speeding,pspeedingbc@ted.com,Female,Research Nurse
410,Mack,Falkous,mfalkousbd@harvard.edu,Male,Editor
411,Derwin,Collingwood,dcollingwoodbe@cargocollective.com,Male,Senior Quality Engineer
412,Janine,Geaney,jgeaneybf@desdev.cn,Female,Account Coordinator
413,Karlens,Beekman,mbeekmanbg@tripadvisor.com,Female,Desktop Support Technician
414,Franny,Ravens,fravensbh@php.net,Male,Tax Accountant
415,Lisbeth,Ferras,lferrasbi@seesaa.net,Female,Civil Engineer
416,Ruddie,Gehrtz,rgehrtzbj@edublogs.org,Male,VP Product Management
417,Wenda,Berndtssen,wberndtssenbk@miitbeian.gov.cn,Female,VP Product Management
418,Simeon,Pointing,spointingbl@networksolutions.com,Male,Senior Developer
419,Rriocard,Caldow,rcaldowbm@usgs.gov,Male,Graphic Designer
420,Shaun,Ginity,sginitybn@unicef.org,Male,Geologist III
421,Towny,Maliphant,dmaliphantbo@surveymonkey.com,Female,Cost Accountant
422,Gerhardt,Ciciotti,hciciottibp@privacy.gov.au,Male,GIS Technical Architect
423,Lillis,Wardrop,lwardropbq@blog.com,Female,Senior Cost Accountant
424,Kathye,Hegges,kheggesbr@nyu.edu,Female,Staff Accountant II
425,Gwenette,Townrow,gtownrowbs@dmoz.org,Female,Social Worker
426,Betta,Vieyra,bvieyrabt@alibaba.com,Female,Project Manager
427,Toinette,Hebborne,thebbornebu@arizona.edu,Female,Accountant III
428,Judi,Antusch,aantuschbv@taobao.com,Female,Engineer I
429,Ali,Gronaver,agronaverbw@4shared.com,Female,Environmental Specialist
430,Rriocard,Growcock,dgrowcockbx@epa.gov,Female,Payment Adjustment Coordinator
431,Alane,Willsmore,gwillsmoreby@usatoday.com,Female,Geological Engineer
432,Alyson,Krollman,akrollmanbz@mayoclinic.com,Female,Analog Circuit Design manager
433,Muire,Carwithen,ccarwithenc0@nytimes.com,Female,VP Product Management
434,Manfred,Eckhard,meckhardc1@wikipedia.org,Male,Nuclear Power Engineer
435,Kailey,Temporal,ktemporalc2@netscape.com,Female,Nuclear Power Engineer
436,Anet,Breach,abreachc3@jimdo.com,Female,Design Engineer
437,Allister,Gabala,vgabalac4@time.com,Female,Nurse
438,Kristoforo,Keysall,ekeysallc5@google.com.hk,Male,Quality Control Specialist
439,Alfie,Behnecken,nbehneckenc6@acquirethisname.com,Male,Human Resources Assistant IV
440,Ambrosius,Moorhead,amoorheadc7@tripadvisor.com,Male,Nurse Practicioner
441,Dolli,Sansome,asansomec8@google.ca,Female,Administrative Assistant I
442,Kevina,Shemelt,dshemeltc9@de.vu,Female,Librarian
443,Cecil,Papaccio,cpapaccioca@forbes.com,Female,GIS Technical Architect
444,Denys,Tuffin,dtuffincb@chron.com,Female,Statistician I
445,Eamon,Akram,eakramcc@craigslist.org,Male,Junior Executive
446,Dolf,Bettridge,dbettridgecd@globo.com,Male,Assistant Manager
447,Karola,Durdle,kdurdlece@google.ca,Female,Cost Accountant
448,Romeo,Rampley,rrampleycf@goo.gl,Male,Human Resources Assistant II
449,Emmalee,Wapples,pwapplescg@youku.com,Female,Web Developer I
450,Fonsie,Donisi,fdonisich@dailymotion.com,Male,Administrative Officer
451,Alane,Northall,anorthallci@unblog.fr,Female,Librarian
452,Derrick,Groarty,kgroartycj@tumblr.com,Female,Automation Specialist II
453,Christan,Frankiewicz,cfrankiewiczck@yahoo.com,Female,Account Representative IV
454,Ransell,Hagstone,rhagstonecl@addtoany.com,Male,Professor
455,Karoly,Gillmore,kgillmorecm@hostgator.com,Male,Associate Professor
456,Hoebart,Dowers,hdowerscn@merriam-webster.com,Female,Assistant Media Planner
457,Gun,Brokenshaw,mbrokenshawco@cisco.com,Female,Compensation Analyst
458,Sybyl,Vigrass,svigrasscp@sbwire.com,Female,Staff Scientist
459,Giffie,Keddy,gkeddycq@bing.com,Male,Speech Pathologist
460,Rubi,Tours,rtourscr@vkontakte.ru,Female,Junior Executive
461,Pall,Iacoboni,piacobonics@furl.net,Male,VP Quality Control
462,Yorker,Gilliard,mgilliardct@symantec.com,Female,Administrative Officer
463,Ferne,Danilyuk,fdanilyukcu@addthis.com,Female,Biostatistician II
464,Leyla,MacKenzie,lmackenziecv@si.edu,Female,Health Coach I
465,Malynda,Dumbleton,mdumbletoncw@wikia.com,Female,Sales Associate
466,Anne-corinne,Gilli,rgillicx@a8.net,Female,Recruiting Manager
467,Isa,Derrington,iderringtoncy@macromedia.com,Male,Executive Secretary
468,Welbie,Vautre,dvautrecz@vkontakte.ru,Male,Account Representative III
469,Conroy,Sarton,csartond0@wufoo.com,Male,Assistant Media Planner
470,Meade,McGiveen,mmcgiveend1@slate.com,Female,Systems Administrator II
471,Kipp,Dagworthy,jdagworthyd2@admin.ch,Female,Sales Representative
472,Guillemette,Micallef,gmicallefd3@google.co.jp,Female,Media Manager III
473,Ciel,Maase,cmaased4@redcross.org,Female,Senior Cost Accountant
474,Peg,MacTrustie,pmactrustied5@businessinsider.com,Female,Senior Editor
475,Thorn,Hacker,thackerd6@mit.edu,Male,Staff Accountant II
476,Kliment,Rotlauf,frotlaufd7@liveinternet.ru,Male,Programmer III
477,Callie,Jellybrand,cjellybrandd8@amazon.co.uk,Female,Geologist I
478,Malynda,Addams,kaddamsd9@squidoo.com,Male,Senior Financial Analyst
479,Dulcea,Floch,dflochda@soundcloud.com,Female,Physical Therapy Assistant
480,Corissa,Vynoll,cvynolldb@china.com.cn,Female,Senior Cost Accountant
481,Ardyth,Rothman,arothmandc@networkadvertising.org,Female,Compensation Analyst
482,Georgy,Amerighi,gamerighidd@jigsy.com,Male,Programmer Analyst IV
483,Brittany,Fevier,bfevierde@gov.uk,Female,Software Test Engineer I
484,Darcy,Catlette,dcatlettedf@histats.com,Male,Health Coach III
485,Goddard,Benley,gbenleydg@statcounter.com,Male,Librarian
486,Filippo,Garoghan,agaroghandh@ebay.co.uk,Male,Marketing Manager
487,Teddy,Tremblot,ttremblotdi@amazon.co.jp,Female,Information Systems Manager
488,Adham,Risson,trissondj@gmpg.org,Male,Database Administrator I
489,Zebulon,Goney,agoneydk@foxnews.com,Female,Teacher
490,Beitris,Lonsbrough,dlonsbroughdl@wp.com,Female,Accounting Assistant III
491,Theodore,MacLennan,tmaclennandm@hud.gov,Male,Statistician I
492,Joaquin,Aguirre,jaguirredn@chron.com,Male,Senior Cost Accountant
493,Ethelind,McKeggie,emckeggiedo@go.com,Female,Media Manager III
494,Les,Humphrys,lhumphrysdp@deviantart.com,Female,Programmer Analyst I
495,Sauveur,Brunton,sbruntondq@nhs.uk,Male,VP Marketing
496,Sayer,Ort,sortdr@wikispaces.com,Male,Technical Writer
497,Derk,Wikey,dwikeyds@alibaba.com,Male,Software Consultant
498,Sammie,O'Brollachain,sobrollachaindt@google.com.hk,Male,Programmer Analyst I
499,Irina,Treweela,itreweeladu@cocolog-nifty.com,Female,Compensation Analyst
500,Caressa,Dymocke,edymockedv@unc.edu,Female,Biostatistician IV
501,Franciskus,Paul,vpauldw@forbes.com,Female,Senior Cost Accountant
502,Hilario,Lepick,jlepickdx@unblog.fr,Female,Human Resources Manager
503,Chrisy,Szabo,cszabody@liveinternet.ru,Male,Occupational Therapist
504,Isadora,Whitington,iwhitingtondz@techcrunch.com,Female,Staff Scientist
505,Ives,Dyka,tdykae0@joomla.org,Male,Physical Therapy Assistant
506,Alane,Fist,afiste1@engadget.com,Female,Registered Nurse
507,Karel,Thor,jthore2@webs.com,Female,Web Designer III
508,Gard,Pett,bpette3@macromedia.com,Male,Associate Professor
509,Valentina,Screech,vscreeche4@economist.com,Female,VP Accounting
510,Carmon,Danher,ldanhere5@stumbleupon.com,Male,Administrative Assistant I
511,Lauretta,Haymes,ahaymese6@fema.gov,Female,Environmental Tech
512,Derrick,MacAlinden,dmacalindene7@hp.com,Male,Geological Engineer
513,Josy,Sheaber,jsheabere8@constantcontact.com,Female,Account Representative I
514,Kendra,Standish-Brooks,kstandishbrookse9@clickbank.net,Female,Editor
515,Carine,Gajewski,cgajewskiea@barnesandnoble.com,Female,Assistant Media Planner
516,Delila,Grioli,dgriolieb@hibu.com,Female,Pharmacist
517,Derk,Cussins,bcussinsec@yellowbook.com,Male,Business Systems Development Analyst
518,Marlane,McIlveen,jmcilveened@slashdot.org,Female,Research Nurse
519,Cindelyn,Wimmer,cwimmeree@bbc.co.uk,Female,Clinical Specialist
520,Gauthier,McCotter,gmccotteref@fastcompany.com,Male,Statistician I
521,Paulita,Hearse,phearseeg@trellian.com,Female,Business Systems Development Analyst
522,Channa,Misk,imiskeh@trellian.com,Male,Biostatistician III
523,Modesta,Lambeth,mlambethei@dion.ne.jp,Female,Database Administrator IV
524,Forster,Reeken,freekenej@hp.com,Male,Statistician I
525,Rasia,Karby,rkarbyek@infoseek.co.jp,Female,Assistant Manager
526,Anabella,Caudelier,acaudelierel@booking.com,Female,Chief Design Engineer
527,Almeria,Broadberrie,abroadberrieem@wired.com,Female,Staff Accountant IV
528,Earle,Lindsell,tlindsellen@mysql.com,Male,Electrical Engineer
529,Sanson,Dixsee,bdixseeeo@wisc.edu,Male,Accountant II
530,Norbert,Cromblehome,acromblehomeep@pinterest.com,Female,Financial Advisor
531,Michel,Bahike,mbahikeeq@gizmodo.com,Female,Director of Sales
532,Eba,Gemeau,egemeauer@army.mil,Female,VP Product Management
533,Albertina,Della,adellaes@google.cn,Female,Structural Analysis Engineer
534,Alena,Greenhalgh,agreenhalghet@freewebs.com,Female,Nuclear Power Engineer
535,Jerrold,Yeabsley,jyeabsleyeu@theglobeandmail.com,Male,Safety Technician I
536,Melvyn,Sneezem,esneezemev@prnewswire.com,Male,Environmental Tech
537,Cilka,Champniss,cchampnissew@dell.com,Female,Sales Associate
538,Stefania,MacCoveney,smaccoveneyex@tripod.com,Female,Human Resources Assistant III
539,Mick,Boddam,mboddamey@about.me,Male,Quality Control Specialist
540,Darcy,Peschmann,dpeschmannez@wiley.com,Male,General Manager
541,Lucas,Jauncey,ljaunceyf0@gizmodo.com,Male,Editor
542,Amata,Skates,qskatesf1@tmall.com,Male,Senior Editor
543,Effie,Miroy,emiroyf2@nytimes.com,Female,Biostatistician I
544,Nathanial,Kubicek,nkubicekf3@zdnet.com,Male,Marketing Manager
545,Emanuel,O'Shea,eosheaf4@prlog.org,Male,Senior Cost Accountant
546,Gun,Kunat,gkunatf5@slate.com,Male,Marketing Manager
547,Gratiana,Zwicker,gzwickerf6@japanpost.jp,Female,VP Product Management
548,Danila,Waugh,dwaughf7@phoca.cz,Female,Nurse Practicioner
549,Jerrold,Chesshyre,wchesshyref8@macromedia.com,Female,Mechanical Systems Engineer
550,Antons,Sulley,csulleyf9@engadget.com,Female,Chief Design Engineer
551,Brina,Millwall,bmillwallfa@123-reg.co.uk,Female,Technical Writer
552,Malynda,Sommerlin,bsommerlinfb@hhs.gov,Female,Junior Executive
553,Carlita,Stovin,dstovinfc@vinaora.com,Female,Compensation Analyst
554,Quincey,Franzel,pfranzelfd@studiopress.com,Female,Nurse Practicioner
555,Clim,Durnell,cdurnellfe@blogtalkradio.com,Male,Developer III
556,Jacki,Bonaire,jbonaireff@ucsd.edu,Female,Research Nurse
557,Trace,Winckworth,awinckworthfg@pinterest.com,Male,Media Manager II
558,Vernice,Slaney,vslaneyfh@zdnet.com,Female,Junior Executive
559,Robinet,Twiddle,rtwiddlefi@last.fm,Female,Legal Assistant
560,Garret,Bourgaize,gbourgaizefj@hp.com,Male,Marketing Assistant
561,Brear,Noades,bnoadesfk@tinyurl.com,Female,Senior Developer
562,Marty,Kares,gkaresfl@canalblog.com,Male,Mechanical Systems Engineer
563,Mile,Wickey,mwickeyfm@telegraph.co.uk,Male,Systems Administrator III
564,Louisette,Van De Cappelle,lvandecappellefn@google.it,Female,Business Systems Development Analyst
565,Essy,Flaune,eflaunefo@oakley.com,Female,Web Developer IV
566,Dode,Earley,dearleyfp@vkontakte.ru,Female,Analog Circuit Design manager
567,Marijo,Berrygun,mberrygunfq@taobao.com,Female,Community Outreach Specialist
568,Joey,Gwalter,jgwalterfr@tinyurl.com,Female,GIS Technical Architect
569,Vania,Nenci,vnencifs@nydailynews.com,Female,Marketing Manager
570,Merell,Fordy,mfordyft@spotify.com,Male,VP Product Management
571,Fallon,Fandrich,ffandrichfu@angelfire.com,Female,Senior Developer
572,Estele,Dayce,edaycefv@loc.gov,Female,Librarian
573,Godfry,Pilipyak,cpilipyakfw@chicagotribune.com,Male,Food Chemist
574,Lou,Shepcutt,lshepcuttfx@jiathis.com,Male,Physical Therapy Assistant
575,Valaree,Unitt,vunittfy@godaddy.com,Female,Teacher
576,Evanne,McCue,emccuefz@foxnews.com,Female,Programmer Analyst II
577,Pepi,Langfitt,plangfittg0@vkontakte.ru,Female,VP Quality Control
578,Linn,Souster,nsousterg1@reverbnation.com,Female,Civil Engineer
579,Brody,Ruddom,bruddomg2@si.edu,Male,Director of Sales
580,Lottie,Prahm,lprahmg3@twitter.com,Female,Structural Engineer
581,Giffie,Crofts,dcroftsg4@biblegateway.com,Female,Senior Cost Accountant
582,Sonja,Christensen,schristenseng5@rediff.com,Female,Senior Sales Associate
583,Read,Ryder,rryderg6@nationalgeographic.com,Male,Speech Pathologist
584,Melvyn,Fyall,mfyallg7@biblegateway.com,Male,Nurse Practicioner
585,Lilly,Scrowby,lscrowbyg8@blogs.com,Female,Nuclear Power Engineer
586,Cammy,MacMorland,cmacmorlandg9@bluehost.com,Male,Food Chemist
587,Taber,Rains,trainsga@tripadvisor.com,Male,Speech Pathologist
588,Brittany,McElroy,bmcelroygb@hubpages.com,Female,Pharmacist
589,Rufus,Mein,rmeingc@google.com.br,Male,Marketing Assistant
590,Gabriellia,Sprouls,gsproulsgd@ca.gov,Female,Pharmacist
591,Ransell,Geram,ugeramge@bbc.co.uk,Male,Information Systems Manager
592,Deeanne,Shippard,dshippardgf@pinterest.com,Female,Quality Engineer
593,Lizabeth,Lensch,llenschgg@scribd.com,Female,Electrical Engineer
594,Skipper,Jolliff,sjolliffgh@globo.com,Male,General Manager
595,Clary,Trank,ctrankgi@bbb.org,Female,Sales Associate
596,Steven,Mitie,smitiegj@issuu.com,Male,GIS Technical Architect
597,Rochester,Haglington,khaglingtongk@va.gov,Female,Safety Technician IV
598,Hilda,McReedy,hmcreedygl@shutterfly.com,Female,Information Systems Manager
599,Marysa,Forster,mforstergm@un.org,Female,Senior Sales Associate
600,Shaylyn,Evreux,revreuxgn@deviantart.com,Male,Analog Circuit Design manager
601,Devina,Woolliams,dwoolliamsgo@patch.com,Female,Programmer Analyst IV
602,Robert,Lias,rliasgp@ftc.gov,Male,Editor
603,Herbert,Thomtson,athomtsongq@time.com,Male,Operator
604,Tobe,Brooks,tbrooksgr@flavors.me,Female,Media Manager II
605,Norbert,Puden,npudengs@ucsd.edu,Male,Analyst Programmer
606,Chiarra,Grenshields,cgrenshieldsgt@xinhuanet.com,Female,Chief Design Engineer
607,Gene,Brozsset,gbrozssetgu@ucla.edu,Male,Geologist II
608,Candace,Safhill,csafhillgv@telegraph.co.uk,Female,Human Resources Assistant II
609,Karlens,Demageard,kdemageardgw@vinaora.com,Male,Systems Administrator III
610,Bondon,McElory,bmcelorygx@linkedin.com,Male,Business Systems Development Analyst
611,Cathrine,Grishanin,cgrishaningy@kickstarter.com,Female,Graphic Designer
612,Marketa,Follett,mfollettgz@webnode.com,Female,VP Accounting
613,Kipp,Baison,kbaisonh0@sourceforge.net,Female,Environmental Tech
614,Allister,Kermott,ckermotth1@cnn.com,Female,Dental Hygienist
615,Cece,Widdall,cwiddallh2@smugmug.com,Male,Software Test Engineer I
616,Cassondra,Jagg,wjaggh3@nifty.com,Female,Food Chemist
617,Ulrick,Gasparro,ugasparroh4@twitter.com,Male,Electrical Engineer
618,Jud,Hexam,jhexamh5@dmoz.org,Male,Research Assistant I
619,Eryn,Fowden,ffowdenh6@uiuc.edu,Female,Cost Accountant
620,Beth,Lilbourne,blilbourneh7@flavors.me,Female,Operator
621,Chauncey,Lomansey,clomanseyh8@w3.org,Male,Data Coordiator
622,Ives,Fennessy,lfennessyh9@fda.gov,Male,VP Quality Control
623,Bernardina,Spanton,ispantonha@epa.gov,Female,Research Nurse
624,Hamid,De Malchar,hdemalcharhb@xing.com,Male,VP Product Management
625,Bryna,Fuller,bfullerhc@twitter.com,Female,Automation Specialist IV
626,Addia,Kingaby,akingabyhd@wisc.edu,Female,Account Executive
627,Carlynne,Glowacha,rglowachahe@msn.com,Male,Registered Nurse
628,Bayard,Riall,vriallhf@i2i.jp,Male,VP Marketing
629,Jaquelin,Sinney,jsinneyhg@desdev.cn,Female,Cost Accountant
630,Kailey,Mannagh,wmannaghhh@eepurl.com,Male,Nurse Practicioner
631,Noak,Cooke,acookehi@cdc.gov,Male,Speech Pathologist
632,Evita,Tollett,gtolletthj@yahoo.com,Female,Structural Analysis Engineer
633,Corey,Stoggles,lstoggleshk@businesswire.com,Female,Occupational Therapist
634,Raddie,Trevaskiss,rtrevaskisshl@360.cn,Male,Physical Therapy Assistant
635,Freida,Darleston,fdarlestonhm@ow.ly,Female,Desktop Support Technician
636,Dukey,Swigger,dswiggerhn@cmu.edu,Male,Senior Editor
637,Rory,Lathan,rlathanho@blinklist.com,Female,Business Systems Development Analyst
638,Travers,Schmuhl,bschmuhlhp@photobucket.com,Male,Account Executive
639,Karine,Roggeman,kroggemanhq@biglobe.ne.jp,Female,Programmer Analyst III
640,Noell,Abadam,kabadamhr@plala.or.jp,Female,Nuclear Power Engineer
641,Filide,Dockwray,fdockwrayhs@statcounter.com,Female,Compensation Analyst
642,Derwin,Cristofano,lcristofanoht@cnet.com,Female,Database Administrator III
643,Deena,Duetsche,dduetschehu@163.com,Female,Web Developer I
644,Yvette,Aries,yarieshv@cnet.com,Female,Office Assistant IV
645,Boyce,Peattie,bpeattiehw@loc.gov,Male,Information Systems Manager
646,Rhonda,Dunn,jdunnhx@smh.com.au,Male,Research Associate
647,Kippar,Lewsey,klewseyhy@bluehost.com,Male,Recruiter
648,Danica,Mandal,mmandalhz@ed.gov,Female,Accounting Assistant IV
649,Merissa,Werrit,dwerriti0@ovh.net,Male,Structural Engineer
650,Karee,Coate,kcoatei1@statcounter.com,Female,Engineer IV
651,Ezequiel,Bainton,ebaintoni2@arstechnica.com,Male,Research Associate
652,Lydia,Sharple,lsharplei3@hubpages.com,Female,Cost Accountant
653,Moria,Strevens,lstrevensi4@studiopress.com,Female,Computer Systems Analyst III
654,Wenda,Stiebler,zstiebleri5@goo.gl,Female,Senior Sales Associate
655,Darcey,Moffatt,pmoffatti6@apple.com,Male,Nuclear Power Engineer
656,Kendra,Signori,gsignorii7@baidu.com,Male,Computer Systems Analyst II
657,Base,Fleote,bfleotei8@kickstarter.com,Male,Marketing Assistant
658,Gretchen,Plowman,mplowmani9@auda.org.au,Female,Quality Engineer
659,Teddy,Vasey,fvaseyia@skype.com,Male,Design Engineer
660,Hayden,Nalder,hnalderib@google.ca,Male,Project Manager
661,Muire,Akaster,lakasteric@ucoz.ru,Female,Senior Sales Associate
662,Spence,Jacobovitz,sjacobovitzid@globo.com,Male,VP Accounting
663,Flor,Flement,fflementie@last.fm,Female,Recruiting Manager
664,Cletus,Haslam,chaslamif@msn.com,Male,GIS Technical Architect
665,Adrianne,Meiklem,ameiklemig@github.io,Female,Product Engineer
666,Estrella,Foulgham,efoulghamih@mozilla.com,Female,Dental Hygienist
667,Dulsea,Gerwood,dgerwoodii@mediafire.com,Female,Assistant Professor
668,Shaylyn,Gherardelli,jgherardelliij@comcast.net,Female,Occupational Therapist
669,Noak,Morffew,nmorffewik@mashable.com,Male,VP Product Management
670,Fonsie,Richmond,brichmondil@gmpg.org,Male,Accounting Assistant II
671,Arron,Janek,ajanekim@bluehost.com,Male,Social Worker
672,Raynell,Brownsworth,bbrownsworthin@amazon.de,Female,VP Accounting
673,Robinet,Larwood,olarwoodio@cdc.gov,Male,Recruiter
674,Francisco,Massard,pmassardip@google.com.br,Female,VP Marketing
675,Laurent,Dunstan,ldunstaniq@gravatar.com,Male,Teacher
676,Syd,Grace,sgraceir@icq.com,Male,Data Coordiator
677,Rutherford,Tapin,gtapinis@goo.ne.jp,Male,Programmer Analyst II
678,Stephani,Dickson,mdicksonit@biblegateway.com,Female,Librarian
679,Mirna,Curgenuer,mcurgenueriu@surveymonkey.com,Female,Account Executive
680,Evita,Rosengarten,hrosengarteniv@ehow.com,Male,VP Sales
681,Gerda,Dodamead,gdodameadiw@amazon.co.jp,Female,Biostatistician III
682,Gwenore,Grzegorzewski,ggrzegorzewskiix@pcworld.com,Female,Accountant III
683,Bev,Spears,bspearsiy@nature.com,Male,Nurse Practicioner
684,Cristobal,Humble,lhumbleiz@yolasite.com,Male,Business Systems Development Analyst
685,Benoite,Flowers,cflowersj0@people.com.cn,Female,Account Representative I
686,Cherrita,Syder,csyderj1@123-reg.co.uk,Female,Technical Writer
687,Marcus,Danihelka,mdanihelkaj2@blinklist.com,Male,Developer III
688,Ruperto,Sparshott,rsparshottj3@usatoday.com,Male,Recruiter
689,Lani,Prahl,lprahlj4@arizona.edu,Female,Operator
690,Jacki,Laidler,claidlerj5@bravesites.com,Female,Web Designer II
691,Petrina,Leet,pleetj6@ning.com,Female,Design Engineer
692,Isabelita,Hawgood,ihawgoodj7@sfgate.com,Female,Chemical Engineer
693,Nariko,Seywood,nseywoodj8@nba.com,Female,Human Resources Assistant IV
694,Kristo,Boate,kboatej9@deviantart.com,Male,VP Sales
695,Jeddy,Shilston,jshilstonja@economist.com,Male,Paralegal
696,Pepi,Keough,jkeoughjb@engadget.com,Male,Engineer IV
697,Franciskus,Rey,greyjc@earthlink.net,Female,Structural Engineer
698,Karylin,Goundsy,kgoundsyjd@flickr.com,Female,GIS Technical Architect
699,Rutherford,Stutte,rstutteje@indiatimes.com,Male,Executive Secretary
700,Gratiana,Matisoff,bmatisoffjf@uiuc.edu,Male,Nurse
701,Herbert,Ronchi,hronchijg@lulu.com,Male,Graphic Designer
702,Nichol,Dohms,ndohmsjh@mayoclinic.com,Female,Occupational Therapist
703,Cassondra,Strathman,estrathmanji@wix.com,Female,Research Assistant I
704,Kenon,Galer,sgalerjj@tripod.com,Female,Administrative Assistant IV
705,Thorn,Potte,opottejk@redcross.org,Male,Geologist IV
706,Marnie,Errey,merreyjl@bravesites.com,Female,Budget/Accounting Analyst IV
707,Sabine,Rimour,srimourjm@quantcast.com,Female,Senior Cost Accountant
708,Donny,Persent,dpersentjn@cnet.com,Male,Senior Financial Analyst
709,Thaddus,Worge,tworgejo@pcworld.com,Male,VP Quality Control
710,Nicolina,Garrison,cgarrisonjp@google.es,Female,Physical Therapy Assistant
711,Gustie,Knoller,kknollerjq@opera.com,Female,Safety Technician I
712,Abraham,Bes,abesjr@whitehouse.gov,Male,Associate Professor
713,Ciro,Bantock,cbantockjs@seesaa.net,Male,Associate Professor
714,Humfrid,MacLaughlin,hmaclaughlinjt@sbwire.com,Male,Structural Engineer
715,Libbi,Beauchop,lbeauchopju@chronoengine.com,Female,Structural Analysis Engineer
716,Shadow,Fardy,efardyjv@apple.com,Female,Account Executive
717,Penny,Maccree,fmaccreejw@simplemachines.org,Male,Software Engineer IV
718,Teresita,Exell,texelljx@moonfruit.com,Female,Geological Engineer
719,Tansy,Bilby,tbilbyjy@seesaa.net,Female,Quality Control Specialist
720,Latia,Enden,lendenjz@oracle.com,Female,Cost Accountant
721,Arnie,Cutchee,acutcheek0@harvard.edu,Male,Director of Sales
722,Pauline,Townend,ptownendk1@latimes.com,Female,Software Test Engineer I
723,Lucas,O' Lone,aolonek2@quantcast.com,Female,Geological Engineer
724,Sibley,Mollison,smollisonk3@nifty.com,Female,Help Desk Operator
725,Osbourn,Greated,ogreatedk4@biglobe.ne.jp,Male,Budget/Accounting Analyst II
726,Cecil,Royall,nroyallk5@nih.gov,Male,Account Executive
727,Hilario,Eldershaw,heldershawk6@pcworld.com,Male,General Manager
728,Ingmar,Cocher,icocherk7@examiner.com,Male,Analog Circuit Design manager
729,Greggory,Tissiman,gtissimank8@ucla.edu,Male,Chemical Engineer
730,Lee,Mycroft,smycroftk9@drupal.org,Male,Cost Accountant
731,Carson,Bock,cbockka@geocities.jp,Male,GIS Technical Architect
732,Tandy,Timmens,ttimmenskb@walmart.com,Female,VP Marketing
733,Otes,Egglestone,oegglestonekc@examiner.com,Male,GIS Technical Architect
734,Alaine,Buxsey,abuxseykd@webmd.com,Female,Assistant Manager
735,Jeffy,Wagg,jwaggke@amazon.co.uk,Male,Engineer III
736,Lorenzo,Baddeley,lbaddeleykf@blogger.com,Male,Civil Engineer
737,Melisandra,Aleshintsev,maleshintsevkg@arizona.edu,Female,Accounting Assistant II
738,Rosamond,Fyrth,rfyrthkh@indiegogo.com,Female,VP Accounting
739,Blakeley,Tippin,btippinki@soundcloud.com,Female,Pharmacist
740,Dael,Murrthum,dmurrthumkj@alibaba.com,Female,Statistician I
741,Lavinie,von Hagt,cvonhagtkk@skype.com,Female,Software Test Engineer IV
742,Josy,Thumim,lthumimkl@apache.org,Female,Analog Circuit Design manager
743,Cari,Elgram,selgramkm@statcounter.com,Male,Junior Executive
744,Bartholomew,Puddephatt,bpuddephattkn@github.io,Male,VP Sales
745,Chadd,Huddart,lhuddartko@reverbnation.com,Female,Paralegal
746,Jaquelyn,Pablo,bpablokp@tinyurl.com,Male,Nurse
747,Rochester,Illesley,rillesleykq@spiegel.de,Male,VP Accounting
748,Aldis,Winser,awinserkr@msn.com,Male,Associate Professor
749,Suzi,Einchcombe,seinchcombeks@alibaba.com,Female,Paralegal
750,Tracie,Brotherhood,tbrotherhoodkt@washingtonpost.com,Male,Systems Administrator IV
751,Zerk,Archibould,zarchibouldku@berkeley.edu,Male,Community Outreach Specialist
752,Sinclare,Rushby,srushbykv@pcworld.com,Male,Senior Quality Engineer
753,Addia,Gault,hgaultkw@ebay.com,Male,Cost Accountant
754,Letizia,Barlass,lbarlasskx@parallels.com,Female,Senior Editor
755,Tadd,Drance,cdranceky@t-online.de,Male,Administrative Officer
756,Leyla,Barnshaw,abarnshawkz@disqus.com,Male,Marketing Assistant
757,Georgeanna,Cleef,gcleefl0@about.me,Female,VP Accounting
758,Elianora,Sein,eseinl1@ft.com,Female,Software Test Engineer I
759,Hayden,Cass,pcassl2@tamu.edu,Female,Junior Executive
760,Adelbert,Sholl,msholll3@fastcompany.com,Male,Legal Assistant
761,Catie,Hanhard,chanhardl4@ed.gov,Female,Chief Design Engineer
762,Renelle,Freshwater,hfreshwaterl5@bbc.co.uk,Male,Tax Accountant
763,Lionello,Carlesso,lcarlessol6@google.ru,Male,Executive Secretary
764,Carlynne,Clayborn,cclaybornl7@behance.net,Female,Nurse Practicioner
765,Hamilton,Wattins,hwattinsl8@lycos.com,Male,Environmental Specialist
766,Ban,Josef,bjosefl9@naver.com,Male,Statistician III
767,Katerina,Leyburn,oleyburnla@networkadvertising.org,Male,Marketing Assistant
768,Dirk,Warde,dwardelb@phpbb.com,Male,Recruiter
769,Jemie,Cutmore,jcutmorelc@scientificamerican.com,Female,Technical Writer
770,Carmelita,Uff,wuffld@unesco.org,Male,Database Administrator III
771,Nanni,Denge,ndengele@yale.edu,Female,Physical Therapy Assistant
772,Julina,Eaklee,deakleelf@infoseek.co.jp,Female,Senior Sales Associate
773,Bancroft,Mitchenson,bmitchensonlg@vistaprint.com,Male,Graphic Designer
774,Filmer,O'Dooghaine,fodooghainelh@parallels.com,Male,Recruiting Manager
775,Dolf,Harrison,sharrisonli@networkadvertising.org,Female,Structural Engineer
776,Maurise,Cowthart,rcowthartlj@4shared.com,Female,Executive Secretary
777,Lisa,Itzig,litziglk@si.edu,Female,Marketing Manager
778,Gerda,Fosh,bfoshll@baidu.com,Male,VP Sales
779,Arvie,Duiged,aduigedlm@samsung.com,Male,VP Sales
780,Gabriellia,Alsford,aalsfordln@globo.com,Male,Associate Professor
781,Bondon,Beldon,sbeldonlo@netvibes.com,Male,Financial Analyst
782,Harry,Hutcheson,hhutchesonlp@chronoengine.com,Male,Health Coach I
783,Morten,Joney,bjoneylq@shutterfly.com,Male,Web Designer IV
784,Danya,Fadell,dfadelllr@marketwatch.com,Male,Web Developer I
785,Christie,Cashmore,ecashmorels@marketwatch.com,Female,Food Chemist
786,Danica,Clappison,tclappisonlt@wsj.com,Female,Safety Technician II
787,Chadd,Eveleigh,ceveleighlu@sun.com,Male,Tax Accountant
788,Faber,Hagwood,fhagwoodlv@vk.com,Male,Help Desk Technician
789,Kendricks,Devereu,kdevereulw@hp.com,Male,Cost Accountant
790,Wenda,Fellnee,jfellneelx@statcounter.com,Female,Quality Control Specialist
791,Ermanno,Bartosiak,ebartosiakly@biblegateway.com,Male,Occupational Therapist
792,Stephani,Andrejs,sandrejslz@ucla.edu,Female,Help Desk Technician
793,Bertie,Fairchild,bfairchildm0@wikispaces.com,Female,Accountant IV
794,Aleece,Maddicks,amaddicksm1@cam.ac.uk,Female,Budget/Accounting Analyst I
795,Lee,Langtree,llangtreem2@nytimes.com,Male,Statistician I
796,Mavra,Oertzen,moertzenm3@i2i.jp,Male,Accounting Assistant I
797,Bonita,Jost,bjostm4@usda.gov,Female,Geological Engineer
798,Coraline,Joy,cjoym5@ask.com,Female,Senior Cost Accountant
799,Monica,Guisler,mguislerm6@phpbb.com,Female,Research Associate
800,Cara,Wittey,cwitteym7@creativecommons.org,Female,Internal Auditor
801,Ulrick,Gulley,bgulleym8@about.com,Male,Software Test Engineer II
802,Yorker,Roberds,iroberdsm9@cbsnews.com,Female,Junior Executive
803,Angy,Atto,aattoma@amazon.com,Female,Data Coordiator
804,Cole,Wisdish,cwisdishmb@virginia.edu,Male,Office Assistant I
805,Sansone,Blight,sblightmc@gmpg.org,Male,Marketing Assistant
806,Lucho,Kelston,lkelstonmd@bing.com,Male,GIS Technical Architect
807,Rhett,Kuller,rkullerme@cisco.com,Male,Environmental Tech
808,Creight,Newton,cnewtonmf@nasa.gov,Male,Desktop Support Technician
809,Mavra,Ikins,pikinsmg@g.co,Male,Chemical Engineer
810,Bondon,Paydon,bpaydonmh@moonfruit.com,Female,Staff Scientist
811,Wilfrid,Shane,wshanemi@infoseek.co.jp,Male,Assistant Professor
812,Faun,Herrema,fherremamj@answers.com,Female,Professor
813,Reece,Kimblen,ikimblenmk@princeton.edu,Male,Biostatistician III
814,Pate,De Antoni,pdeantoniml@4shared.com,Male,Senior Sales Associate
815,Philippe,Bernasek,pbernasekmm@123-reg.co.uk,Female,Chemical Engineer
816,Allianora,Bickerdicke,abickerdickemn@mashable.com,Female,Analyst Programmer
817,Esra,Greggersen,egreggersenmo@google.pl,Male,Tax Accountant
818,Hoebart,Eaglestone,geaglestonemp@webmd.com,Male,Financial Analyst
819,Kaitlyn,Vickers,kvickersmq@mac.com,Female,Account Executive
820,Lind,McCoid,lmccoidmr@shutterfly.com,Male,Information Systems Manager
821,Kingsley,Killingbeck,kkillingbeckms@networksolutions.com,Male,Software Consultant
822,Bob,Broadbear,bbroadbearmt@comsenz.com,Male,Recruiter
823,Judi,Corder,jcordermu@imgur.com,Male,Paralegal
824,Karel,Blockwell,kblockwellmv@dyndns.org,Male,Paralegal
825,Laird,Nazareth,lnazarethmw@cmu.edu,Male,Nurse
826,Eugene,Boor,eboormx@seattletimes.com,Male,Business Systems Development Analyst
827,Kippar,Dowey,mdoweymy@github.io,Female,Structural Engineer
828,Zebulon,Postles,zpostlesmz@google.fr,Male,Registered Nurse
829,Francisco,Chern,fchernn0@google.cn,Male,Pharmacist
830,Calhoun,McAvin,fmcavinn1@thetimes.co.uk,Male,Paralegal
831,Vinnie,Wileman,awilemann2@sciencedaily.com,Male,Physical Therapy Assistant
832,Deni,Boullen,dboullenn3@foxnews.com,Female,Quality Engineer
833,Cari,Yakovich,jyakovichn4@nationalgeographic.com,Female,Community Outreach Specialist
834,Bamby,Bambridge,pbambridgen5@virginia.edu,Male,Human Resources Manager
835,Ritchie,Player,rplayern6@zimbio.com,Male,Teacher
836,Pavlov,De Mattia,pdemattian7@tmall.com,Male,Compensation Analyst
837,Katerina,Feechan,kfeechann8@utexas.edu,Female,Health Coach I
838,Dukie,Whaplington,dwhaplingtonn9@hhs.gov,Male,Account Coordinator
839,Walker,Broomfield,wbroomfieldna@irs.gov,Male,Human Resources Assistant III
840,Bartholemy,Layson,blaysonnb@nature.com,Male,General Manager
841,Caressa,Wimbridge,swimbridgenc@nifty.com,Female,Registered Nurse
842,Grannie,Ollet,golletnd@elpais.com,Male,Senior Developer
843,Morlee,Millar,bmillarne@github.com,Male,Marketing Manager
844,Gregg,Crauford,gcraufordnf@umn.edu,Male,Pharmacist
845,Gard,Tejada,ntejadang@indiatimes.com,Female,Administrative Officer
846,Mame,Dearlove,mdearlovenh@arstechnica.com,Female,Financial Advisor
847,Rosamond,Macguire,kmacguireni@telegraph.co.uk,Female,Community Outreach Specialist
848,Tracie,Titcom,etitcomnj@usatoday.com,Female,VP Sales
849,Sayer,Kedslie,ekedslienk@1688.com,Female,Food Chemist
850,Tremayne,Lloyd-Williams,tlloydwilliamsnl@amazonaws.com,Male,Marketing Manager
851,Evonne,Nanson,enansonnm@twitter.com,Female,Design Engineer
852,Derwin,Searsby,asearsbynn@cnet.com,Male,Social Worker
853,Mar,Leyfield,mleyfieldno@princeton.edu,Male,Junior Executive
854,Port,Alloway,aallowaynp@e-recht24.de,Male,Help Desk Technician
855,Rutherford,Endricci,aendriccinq@angelfire.com,Female,Teacher
856,Bamby,Welbelove,bwelbelovenr@marketwatch.com,Female,Recruiter
857,Steffie,Demare,sdemarens@drupal.org,Female,Research Assistant III
858,Emili,Delaney,sdelaneynt@springer.com,Female,Geologist II
859,Debi,Pendergrast,mpendergrastnu@ca.gov,Male,Web Developer IV
860,Kali,Habbert,khabbertnv@weather.com,Female,Financial Analyst
861,Bartholomew,Blaker,dblakernw@senate.gov,Female,Senior Quality Engineer
862,Georgy,Bickerstaff,bbickerstaffnx@discovery.com,Male,Statistician I
863,Emelyne,Hadleigh,ehadleighny@china.com.cn,Female,Accountant II
864,Towny,Seint,tseintnz@parallels.com,Male,Physical Therapy Assistant
865,Lavinie,Hemphrey,lhemphreyo0@businessweek.com,Female,Information Systems Manager
866,Ezequiel,Eagleton,leagletono1@ifeng.com,Female,Software Test Engineer II
867,Eugene,Ricciardi,cricciardio2@tiny.cc,Female,Data Coordiator
868,Hettie,Arber,harbero3@tinypic.com,Female,General Manager
869,Ricard,Krug,rkrugo4@sitemeter.com,Male,Software Engineer I
870,Benoite,Saph,bsapho5@slideshare.net,Female,Staff Scientist
871,Hertha,Abramovicz,sabramoviczo6@economist.com,Female,Payment Adjustment Coordinator
872,Pall,Cosgriff,hcosgriffo7@ebay.co.uk,Male,Web Designer IV
873,Branden,Rudgley,brudgleyo8@ebay.com,Male,Web Developer I
874,Tremayne,Crann,lcranno9@ucsd.edu,Female,Dental Hygienist
875,Ogdon,Crottagh,ocrottaghoa@mozilla.com,Male,VP Marketing
876,Vinson,Camm,vcammob@nifty.com,Male,Structural Analysis Engineer
877,Merwyn,Toal,mtoaloc@usnews.com,Male,Senior Quality Engineer
878,Emmalee,Gatrell,egatrellod@printfriendly.com,Female,Business Systems Development Analyst
879,Thaxter,Girton,tgirtonoe@typepad.com,Male,Business Systems Development Analyst
880,Jodie,Berthel,jberthelof@harvard.edu,Female,Software Test Engineer II
881,Rriocard,Longstaff,plongstaffog@fda.gov,Male,Account Representative IV
882,Perice,Whannel,pwhanneloh@howstuffworks.com,Male,Computer Systems Analyst II
883,Giff,Pilmer,rpilmeroi@aol.com,Male,Office Assistant II
884,Andie,Ceci,acecioj@cpanel.net,Female,Chemical Engineer
885,Shadow,Dufour,sdufourok@google.pl,Male,Assistant Manager
886,Symon,Rosensaft,srosensaftol@oracle.com,Male,Developer III
887,Bertie,Longbothom,alongbothomom@last.fm,Female,Administrative Assistant III
888,Mirilla,Benediktovich,mbenediktovichon@cbslocal.com,Female,Financial Advisor
889,Pauline,Brandt,ebrandtoo@google.de,Male,Computer Systems Analyst III
890,Britt,Rudsdell,brudsdellop@yolasite.com,Male,Chief Design Engineer
891,Adelaide,Llywarch,allywarchoq@ameblo.jp,Female,Director of Sales
892,Federica,Cammomile,fcammomileor@netvibes.com,Female,Financial Advisor
893,Tana,Kuhwald,tkuhwaldos@usa.gov,Female,Social Worker
894,Allister,Chavey,achaveyot@woothemes.com,Male,VP Sales
895,Emelda,Skentelbery,eskentelberyou@yahoo.com,Female,Research Associate
896,Carson,Brachell,cbrachellov@homestead.com,Male,Software Consultant
897,Carmelita,Pridie,cpridieow@cnet.com,Female,Software Consultant
898,Humfrey,Joutapavicius,hjoutapaviciusox@usnews.com,Male,Programmer IV
899,Cordula,Marwood,cmarwoodoy@deliciousdays.com,Female,Legal Assistant
900,Anne-marie,Le Leu,aleleuoz@weibo.com,Female,Geologist III
901,Elia,Beadnell,ebeadnellp0@sina.com.cn,Male,Mechanical Systems Engineer
902,Clementia,Costin,ccostinp1@pagesperso-orange.fr,Female,Speech Pathologist
903,Callie,Mandy,smandyp2@youku.com,Female,Assistant Professor
904,Bernardina,Marchington,jmarchingtonp3@webmd.com,Male,Sales Representative
905,Arnold,Cullon,acullonp4@weather.com,Male,Automation Specialist III
906,Jacquenette,Okeshott,jokeshottp5@phoca.cz,Female,Financial Analyst
907,Marya,Rendbaek,xrendbaekp6@phpbb.com,Male,Analyst Programmer
908,Claudette,Eles,celesp7@techcrunch.com,Female,Graphic Designer
909,Ali,Cullimore,pcullimorep8@flavors.me,Female,Payment Adjustment Coordinator
910,Traci,Maskelyne,tmaskelynep9@infoseek.co.jp,Female,Clinical Specialist
911,Merwyn,Farnall,nfarnallpa@buzzfeed.com,Female,Account Coordinator
912,Morlee,McCarle,mmccarlepb@cdbaby.com,Male,General Manager
913,Julina,Cotes,jcotespc@mlb.com,Female,Human Resources Manager
914,Brant,Lamcken,blamckenpd@weibo.com,Male,Assistant Professor
915,Arlina,Snassell,asnassellpe@yellowpages.com,Female,Safety Technician IV
916,Teodoor,Schimke,aschimkepf@usa.gov,Female,Paralegal
917,Agnola,Rykert,arykertpg@123-reg.co.uk,Female,Marketing Manager
918,Royal,Simonazzi,psimonazziph@amazon.co.jp,Female,Programmer III
919,Carson,Rowantree,srowantreepi@opensource.org,Male,Software Consultant
920,Boot,Veracruysse,bveracruyssepj@cyberchimps.com,Male,Nurse
921,Janka,Purkins,jpurkinspk@linkedin.com,Female,Senior Sales Associate
922,Camile,Serman,csermanpl@networkadvertising.org,Male,Nurse
923,Kippar,Chesson,schessonpm@angelfire.com,Female,Sales Associate
924,Lazare,Edwick,ledwickpn@seattletimes.com,Male,GIS Technical Architect
925,Teddie,Searchfield,ysearchfieldpo@sakura.ne.jp,Male,Nurse Practicioner
926,Herbert,Aleso,calesopp@ning.com,Female,Junior Executive
927,Adham,O' Culligan,soculliganpq@seesaa.net,Male,Quality Control Specialist
928,Carmine,Mallord,cmallordpr@go.com,Male,Assistant Professor
929,Kenny,Gibbe,dgibbeps@bloglovin.com,Female,Research Nurse
930,Astrid,Tyson,atysonpt@jugem.jp,Female,Social Worker
931,Amata,Peevor,apeevorpu@google.cn,Female,Chemical Engineer
932,Morey,Dodshon,mdodshonpv@dailymail.co.uk,Male,Clinical Specialist
933,Huey,Ivashinnikov,hivashinnikovpw@biblegateway.com,Male,Administrative Officer
934,Ruperto,Sides,lsidespx@hibu.com,Female,Financial Analyst
935,Theadora,Garwell,tgarwellpy@hhs.gov,Female,Business Systems Development Analyst
936,Lucas,Bugbee,abugbeepz@hc360.com,Male,Internal Auditor
937,Albrecht,Bartholomew,abartholomewq0@vinaora.com,Male,Human Resources Assistant I
938,Giff,Aldwich,galdwichq1@jimdo.com,Male,Media Manager I
939,Marty,Chadwin,achadwinq2@japanpost.jp,Female,Dental Hygienist
940,Florette,Symonds,fsymondsq3@blogs.com,Female,Web Designer IV
941,Raynell,Wassell,rwassellq4@nasa.gov,Female,Senior Quality Engineer
942,Kathryne,Haimes,fhaimesq5@guardian.co.uk,Female,Senior Financial Analyst
943,Ives,Badger,hbadgerq6@wikia.com,Female,Staff Accountant III
944,Onida,Comfort,ocomfortq7@wp.com,Female,Structural Engineer
945,Benoite,Djurisic,edjurisicq8@loc.gov,Female,Software Consultant
946,Alane,Tweedy,ctweedyq9@sphinn.com,Female,Senior Cost Accountant
947,Callie,Waldock,iwaldockqa@nasa.gov,Male,Human Resources Assistant I
948,Nataniel,Langrick,nlangrickqb@xrea.com,Male,Social Worker
949,Feodor,Gearty,fgeartyqc@epa.gov,Male,Product Engineer
950,Ronna,Whordley,rwhordleyqd@dailymotion.com,Female,Web Designer I
951,Jeddy,Carleman,bcarlemanqe@plala.or.jp,Male,Pharmacist
952,Pablo,McMurraya,pmcmurrayaqf@oaic.gov.au,Male,Developer IV
953,Ingaberg,Dulen,idulenqg@theglobeandmail.com,Female,GIS Technical Architect
954,Bourke,Devigne,bdevigneqh@51.la,Male,Media Manager IV
955,Allister,Burehill,kburehillqi@ehow.com,Male,Accounting Assistant I
956,Jennie,Endon,jendonqj@youku.com,Female,Database Administrator IV
957,Sibley,Daldry,ndaldryqk@macromedia.com,Male,General Manager
958,Shoshana,Bearward,ibearwardql@nydailynews.com,Male,Help Desk Operator
959,Debi,Krolman,dkrolmanqm@smh.com.au,Female,Health Coach III
960,Thomas,Aldred,taldredqn@jugem.jp,Male,Statistician IV
961,Astrid,Petren,mpetrenqo@digg.com,Male,Financial Analyst
962,Goldie,Richemont,grichemontqp@nbcnews.com,Female,Legal Assistant
963,Yardley,Dedden,ydeddenqq@deliciousdays.com,Male,Staff Scientist
964,Emmalee,Bricknell,abricknellqr@unblog.fr,Female,Media Manager II
965,Frederica,Camus,ccamusqs@blogs.com,Female,Project Manager
966,Les,Menlow,lmenlowqt@networkadvertising.org,Male,Human Resources Manager
967,Jacquenette,Dunckley,mdunckleyqu@sun.com,Female,Automation Specialist I
968,Nancey,Ranklin,nranklinqv@shinystat.com,Female,Senior Developer
969,Chris,Speares,cspearesqw@vkontakte.ru,Female,Senior Developer
970,Lorain,Easterbrook,leasterbrookqx@illinois.edu,Female,Administrative Assistant II
971,Olvan,Marston,omarstonqy@oaic.gov.au,Male,VP Product Management
972,Jodie,Rasch,craschqz@artisteer.com,Male,Executive Secretary
973,Clarance,Kensy,ckensyr0@hud.gov,Male,Dental Hygienist
974,Mose,Boughtflower,mboughtflowerr1@linkedin.com,Male,Financial Analyst
975,Teodoro,Trenfield,ttrenfieldr2@foxnews.com,Male,Tax Accountant
976,Evyn,Cauderlie,ecauderlier3@engadget.com,Female,Paralegal
977,Noell,Malby,nmalbyr4@nps.gov,Female,Environmental Specialist
978,Zeb,Mardling,zmardlingr5@vk.com,Male,General Manager
979,Dulcea,Harniman,dharnimanr6@devhub.com,Female,Research Assistant I
980,Carmon,Glasebrook,aglasebrookr7@gnu.org,Female,Marketing Assistant
981,Dolf,Ballaam,jballaamr8@xrea.com,Female,Professor
982,Corey,Blackborn,cblackbornr9@telegraph.co.uk,Female,Actuary
983,Jeramey,Conen,jconenra@php.net,Male,Professor
984,Leora,Egdal,legdalrb@bbb.org,Female,Legal Assistant
985,Annora,Sammons,asammonsrc@unesco.org,Female,Senior Editor
986,Adorne,Yelden,ayeldenrd@studiopress.com,Female,Safety Technician IV
987,Lydia,Salmen,esalmenre@diigo.com,Female,Help Desk Operator
988,Teddie,Downse,tdownserf@mac.com,Female,Developer I
989,Winthrop,Reddish,wreddishrg@globo.com,Male,Environmental Specialist
990,Filbert,Pleace,mpleacerh@taobao.com,Male,Electrical Engineer
991,Melisandra,Piffe,mpifferi@nasa.gov,Female,Accounting Assistant IV
992,Laurent,Martonfi,hmartonfirj@yale.edu,Male,Senior Developer
993,Johan,Berggren,jberggrenrk@1und1.de,Male,Account Representative I
994,Ephraim,Folli,efollirl@zimbio.com,Male,Operator
995,Odille,Killick,okillickrm@scribd.com,Female,Recruiting Manager
996,Geralda,Fifield,gfifieldrn@angelfire.com,Female,Information Systems Manager
997,Dani,Keneforde,dkenefordero@livejournal.com,Male,Computer Systems Analyst II
998,Shoshana,Odom,aodomrp@walmart.com,Male,Staff Accountant I
999,Adelaide,Peffer,apefferrq@home.pl,Female,Paralegal
1000,Earle,Braz,ebrazrr@auda.org.au,Male,Computer Systems Analyst IV
